address,amount
0x83e94834f661cbB765dC067C98d20dfbFc6Aac21,20000000
0xc8dbb1F884b4f302088296BE403832276795468B,20000000
0x0B90F9709988F0b939703c31ecA4FaEf34bED461,20000000
0x1cC0Be9EA98E220730e85EFa1572C4c828bb0A3A,20000000
0x82Ca4D0929B51A416e8f593E232f35739A110fA7,20000000
0xc94102d749E23a77c07159CceA660353C1131890,20000000
0x91f74ea7778E39E5E7dDf21929863966e61D9039,20000000
0x133CD860f58fF3D2F6a8D7C27F2b9d40016fC6FA,20000000
0x2D0CfF8ce17101B85f98452A504fc91D2AA8f888,20000000
0xBD10677cccFA24cbDfbE500572cf6DA890863219,20000000
0x9f645B4bb3941f6a6FDbaa51B9c20798B85531E4,20000000
0xA4687CEa9B2B0D8F593ad405c2B86c23e241dC96,20000000
0x39e64e84198c5840d656149695019dA15641bEc2,20000000
0x2ecd8Ab5FBA91e9F77F2a1012b3bBB6Aa80a351A,20000000
0x108608F3f993bfd55Fab50D9EF1a5C7E2C47f29B,20000000
0x19B896445975F97059afaA1BbA86D7cAED8b7BC9,20000000
0x91F4FD5c834A023D8682FFE3105c93987027b175,20000000
0xEc82b0edb7078c5Bd4327655bA493FF564010659,20000000
0x2E44F135B4d16791866DcBF3631E953e1Dd201DF,20000000
0xACBf90a3F03A34faA8235854Ca6c3Ee0cC8c7546,20000000
0x05850e752BBa42ED5B070be4ed476d2c5461a319,20000000
0x825Dd7750Cd173B1e534af4B1bac36ecBA0e8bc1,20000000
0x432f92891E558A3842B7B76950D27bCEe2d956e5,20000000
0x3F59Ca9F94A7f5c40a3E679EcbF536c6178B18f6,20000000
0x0192A472B414E648EF57c4fc0b5d3ac8A9C0130f,20000000
0x3CA451fE2ce0B708d1335855DF49CEB1E079750c,20000000
0xBd84a5b30e7c6130b37D6585c53D9917FD38E525,20000000
0x3034F1F6FFb3ebda288D1aB9003ED96701C4a726,20000000
0x878CC032C931Eb78559Ba08140BC337423670C77,20000000
0x2b38E292a2666b320E3701F82Fd68B27D2d1E76A,20000000
0x13804E2c12E9c509d52cf9c6f22dEb467c64da60,20000000
0xCED2a14F32EC7ad3D0c14E72A7b2b0E7E8c4eab6,20000000
0xa022d26c91Ef79a7C7e703d0378A0c74a23a7a89,20000000
0x223720d7ee41393bfaa6292Fcb2711916D855ED2,20000000
0xAebD5f9B6C0D34e7eaE0023383D6a2ceF7b772d7,20000000
0x25484005832f53c667BEfd0224a388bbf6010D3F,20000000
0x0CDABEAFc0E7BAC9d593751d330Ec009DA170998,20000000
0xE05E38eC697ac6D3b218011A9341B5F6b107511A,20000000
0x9c9e10061783124f404B97BC2B5f493796555B1a,20000000
0xc6c8bc7810AAfb5Fe86D161bdE4d96302857488b,20000000
0xA223CD15B7A68EDB1eE14498Eb2262beDDd1Ba91,20000000
0xcdAe7a8feF28E444e1b25079fe46CbbA7F0e92B4,20000000
0x527098cbE5b88de3F9E590F1810037Db59B1C83E,20000000
0x11c03D069a938Fa13b7F44CE28f9B985B0ed1D98,20000000
0xE8A7aD5c35d723D7a9099f9aaaA75b890B11b852,20000000
0x396101C41eed84229A7dE34e7e2e595fA76f41FA,20000000
0x050E9A27A64A073AFDa17C4fF6F4900360c5BCBC,20000000
0x67937BbCB9AC1478B0eF954f6C90a31421f266A0,20000000
0x63a410597aBd81D81297424E1e1D197e058b5a8e,20000000
0xaEDb11240753485D8408bb74DE72BD67938fed27,20000000
0x61082317d683ca085bA841626871010Cb5657fdb,20000000
0xCb71B36F35922455dA6Ae08BacE067bDb5A3E548,20000000
0xAAf1C60d188796cdC2639DC088ff08dd8Dbe7C95,20000000
0xef6058Fb339e1EB0847403408f94252eC956eeF9,20000000
0x07B9FCF0306B1D4f90EFfB523c127Ac90EB7a494,20000000
0xc2c0D68b5C474a56C148B11819C4c452F52eeDa9,20000000
0x0Abc7B375A64EC24752D1A5333b40aF151D0B175,20000000
0x1F564570bE654916867683F7ED518C3720659969,20000000
0x4bB1b1bb5B6e263fC7740A29ec9E84C55Ed4996B,20000000
0x1FC8F628b5B2e03aA4B0CF6E3eA5b7a4bb1e5334,20000000
0xB6C64630F654f315F32bffe34A4Ca37D5c9705C4,20000000
0xD94F2074BC092452CA52eE8c4d2F0adf41dFE768,20000000
0xf9e8E5D3735FE30d01721036Dd17DC2Edc8dFe63,20000000
0xDB0933a71EeA4ED53c599298953E52381637472a,20000000
0x6180668CcAd69D70B611307654c4ae6eF4Bc952C,20000000
0x3eA4D725C6AFd1ecFe54d8586DDbC6b812187b85,20000000
0xe4111052F7662f4451E42ab17Cb79AFBfcA09b5e,20000000
0x164384037Ed39e7440a28b14BEb5Cc1D82543549,20000000
0x5eD2892AeeaBd7743161fc297E47801D58De63C4,20000000
0x997150341cD792E71307712D771e0Da8963D9c57,20000000
0xccc1269520eF866E0cC679d85Bb651d068fc801e,20000000
0x3C70620311367e8D8ef0F0FFB4B4336c525ed7c3,20000000
0x0Cc66319d129f887Bd1D3fe58E10400ed1025A79,20000000
0x5d5555C446E51154DeE0A3631C2d030dBd933C71,20000000
0x506aFD089Fe41DBe5A407410C2B4cEC8a8B60E1b,20000000
0x726E4c91aAE9C5aAa164D85A2BF978253F7856Eb,20000000
0xa7e4F6c4cE5B3Ed86A93fFD2D5AbBcC837433b9D,20000000
0x9C5EcbcF68898C29381588d264b08a727a810BB3,20000000
0xb53933E43F4c3Fb32813f353348b0D6b70a5d46B,20000000
0x45a9a7960b6B2FD3Fc86946d8C97df8fD8c37AaD,20000000
0x5dE65272846059eFe0120F93e384bd5bcb738dcd,20000000
0x984827687F4E3222b09D09B6f5560ebF9B0179c8,20000000
0xA3E6B0E2B34A46c36eD20F80ddbF24250588b1e6,20000000
0x12cde71608b58c1012B42086E3aB64567A812283,20000000
0x171DEB6159Ce158bFdf63d9C3aF74093e5654dA8,20000000
0x0Cad2D0b33eC5206384A7e68876541211AB007A3,20000000
0xe953f23f21f781Ca736E629F9EfD86a4712AE924,20000000
0x3d0611Dbf78AB7C5D65e84D643Ec3DBc78826Eed,20000000
0xA9adB3CE2C00A5B0D3ece81d8fCd3293D9666043,20000000
0x74770C5d2A5a4F3eD5413533aeDe786a3d0b34bD,20000000
0xBBb462137111674b82071472e673D8138DEED8B4,20000000
0x4D4d01FF17f98C67f5A3096aF56F47EF802b3A73,20000000
0x6C3D0Afb09934F6781D4877B94E48b3e55a28086,20000000
0xdf52c0DdB34C6556522270FDE00072F268748c13,20000000
0xBADcF0ba3A26B25c5436bc048f1032304c30B8Dd,20000000
0x843757C98Bd996a6723C0637BdC3D62e5BFBD344,20000000
0xbe83E9060dE0c31668dDa0056F9ffeF4a4e155c7,20000000
0xfcE47b15A9c3C6aC491D455F6A42a540f0CCf14d,20000000
0xd10565A7216f63829bC9b3EbBb90244D0471013E,20000000
0xCADD06A3363CF6070a9d7bdF24CB77C29F3047Bc,20000000
0xde40889ba7fF0Fe1758A06e574793F24951951C1,20000000
0xC02C3eEFCAa20AFeD47851b61491E515eCF6F788,20000000
0x9482d61565a059D5A329FE856932836b8076729f,20000000
0xD7561C8b8e87068938200b670A01a6CEF9C66077,20000000
0x7eDeF84F4CCE39e99C4D506a3412222deA99372e,20000000
0x4DcD8b1AC9D8AAb7BA0BaB31B7241aF692Db36D5,20000000
0xa6402098aCa91b08c3F727767DD3832Ab145D3fa,20000000
0x94aA6564A4D3f1eD50fb1CFbE0aaeA505d7E0041,20000000
0x8524504E7aa1bFFAbfbB9351a1aB81028d7a436F,20000000
0xFC17f17Bd9A1dC356A6ed2dFB5E0F2A10B9B6cc1,20000000
0xBaDC1D8E1e3C927a87dD67331C4D7401643477aE,20000000
0x86FE389D85423c20Ee56f2960C530972401E8c14,20000000
0x9Ef27cEa287DB25e3b0c7492337B81bb3dAf1B5A,20000000
0x1fC710D30fb98163a77CF39c61aF0b958AB4FdF0,20000000
0x267497f2bE080dF359e47D4136137386DE557487,20000000
0xDc5B849D1C51E9241F67188072705a13620C7ed4,20000000
0x379634C1587362037b619DF5fBbaAbE554168934,20000000
0x3487548a59da022992d9Ea19DF60596f8861aD38,20000000
0x559EB80DCd36DE4e3b7E075A6477CcBc493d6D28,20000000
0xBe08E7Ec4c6A340908Ecb6C2DEc87d9085E38eD7,20000000
0x751EE5c218bE1cce88AF811B24f1E984B371d68a,20000000
0x70A8c4B81B2B45add7B812937c5844F171aC5819,20000000
0xB2458306fb6C3dd884c353c0a39C7d41Da29CA55,20000000
0xC797F3d851Cb011055874D67416C6B1E8d1ed9f4,20000000
0x20C021450E851a34F7aCbF497155ED1B496254c7,20000000
0x4039d20cFE24d9797fe4BAc2bf7c4263Fef0ab95,20000000
0x3e58139d6399e61ac29Da5E430A1e47e0e7E37b6,20000000
0xDeda18681B3537B02A5e3F03fa6A9B3D3BEc7113,20000000
0x5Af128DF4c0f110181f45CC4ee37223434AD999d,20000000
0xd2a351374c27E069D2A6dAf9048F336642b31007,20000000
0xBe99c2CdCee477d67b1362A8E851e6DcB3ECaE85,20000000
0x51B57f8F33ca43050ED057ef660Cf6723BF1b893,20000000
0x6Fd155Db281117EE7E49A0fE68753F1f4793f288,20000000
0x78676DdF02B641065e1e3D797f90a7Be9B9d4ba1,20000000
0xa2E4817Fd4155353B528fAc13F81246165C5aD68,20000000
0x7998e4cf1159418A6774D11fCf168E2Ccc151F43,20000000
0x08279c20a7a694323162d0fFAf981deB83589b86,20000000
0x7AB8Bda7379F1257E41336011Db7e72C48C8cdF7,20000000
0xcb3CC01782c9C03696AC737F6F0d66D141071a7a,20000000
0x747a675FD4020dfd00DE851Bd14501edE3061455,20000000
0xe44458bDe9e8bCF1Ea3dB3bA29061B6E191C399C,20000000
0xB865D927F14a1fB6f3b287B5a54B131861e3a732,20000000
0xC9Cb62FAA734C822dd4048f64E51d96d0Ae08e32,20000000
0x39728592e7364CCEE6eC013a8b8035B77Bd70121,20000000
0xe6CfdAf74bFEC00FafdE9724A46cb052548C8488,20000000
0x0A1704606B1F78b0Fb3598d5A00A00e72cE2892F,20000000
0xD58681Efe3407Eb166138aA8912E838aFF8d577F,20000000
0x4Ba58317B1DD49A050668E7FCbF3569fbA6B97B9,20000000
0xCe13dB05e0123a9884314075e81B0d9ce11F3465,20000000
0xC46503984394844569d03870dFa880B7c46C6087,20000000
0xa7db89466b6745B29E977bdC61F984e6999ad313,20000000
0x0BEA16b7A5E993aAf3b3A51653BF7dD1C0165408,20000000
0x6b5CA4508eBB2f3c87d3A17298D21A9345103Fd9,20000000
0x1C98A4A879FDE30a687EF7c49881168BeE31d9F0,20000000
0x6E7DFBB385C17580Aef317bb0B18D28F1e627454,20000000
0xA158aEEEd86e67479Af55afFE132859fA332B837,20000000
0x7adc144eA326c8a03327ec44205a9C124A3a0A7F,20000000
0x7b90A5Bc30D6a985618C3A70AC34f25AFbB459aC,20000000
0x7b67A29d1e9Fd5105bd75968d4Df22b6c543a444,20000000
0x814051B0Dc62341D89a8Ff9143A6a6E741621551,20000000
0x541422ACF8dcd32dD00d3b3C879C28f942f2E76D,20000000
0x4e3Eaa5573fbF90Bd1CbafBef9F1E4798012c84B,20000000
0xb8F4754B4D07e34E9725Af51b7725d5B8dd0dfa7,20000000
0x3D4232fa57eaC13f9818C63e9dB9e6993cDC10e9,20000000
0x08792773e8a6f1C3491469F7F5beb2012dEAF275,20000000
0x35C3a97E5c8327aE68455D76988171930B3Ea3E0,20000000
0xfeda4D2b07021c4E7F5B5F527e157A008Cec10d4,20000000
0x4aC68a8f1ee43f6ef1303289c9346C4024D7A79a,20000000
0x9C803f60a1307E072F27d2660CbeF936e450E0D7,20000000
0xcB940e12a6631A3dc55071CA040a7c59c02a514E,20000000
0x6aF79C7539F36C32253b070dc352c8C63B1887d5,20000000
0x1E0D39ecE4B10C508a2a2753Ed39BcB2a598455e,20000000
0x62f52C273C24DD47d05C01C4fF2405F2a6B9d66e,20000000
0xaBcf1076CA6f5A2BD4EFcF0a8A262C84Ca4CBBe0,20000000
0xf4Bf19f0283C34A43E84c0c9914CafB8D68f8712,20000000
0x45C1bAEa93d3d403f9C4B7FE6dFa69f1105Ba993,20000000
0xB26c469c17154911AF343E506ED8eFcd77EebdA0,20000000
0x392B5C022fB064868F3b462cE705c0B12EC94051,20000000
0x89cc141643fA04dCBf873EBffA0f77bfB790594b,20000000
0xF7c6b47Fe1a9a91dFD4F939c4a0E25B3bE7D1bF9,20000000
0xC6171B8E858bBB0d3B8a12e47328edB04294B29a,20000000
0x38bB029f0BA7EA7e4d09a1F671c6588FBb7df8da,20000000
0xb368980caB697E55bC754d46D4746eE1C60814f2,20000000
0xd8591E9c0ab4fF34C03aA05fDaAC95E373a2B585,20000000
0x9F53B50B56d3b153F85866Cf4eBBb9b8496e4329,20000000
0xf5075D6339179035C767EC632a715468a5f0a49b,20000000
0xbe68aDCCcC8D63f9cF0E7dCD62F0c47Cc8988ac2,20000000
0x842DEEF35984c7C951FC11E5C7B857C342D8DEc7,20000000
0xea8352fb36268f40651fe6c84fBEb5D830A1334f,20000000
0x2f6DB2fe0ee99DcA2cD05928A0F5Edb2F33ceA96,20000000
0xc1d7D1e323bfE34ee0a2cF8dB947c89A11daD8Ac,20000000
0xec957a86d05C394734e675eb0c74fe95c6478Cad,20000000
0xA22e79A7c4912683187096e6eB81fb6C26928C87,20000000
0xE6FF471F3A96A718e44A3CCD4c956d518a8B11e5,20000000
0x5ecf4468B532b3FDa30aDe77AaF09A418cEc4cac,20000000
0xEE8FA478D29372d4448e0c24d7EF435075C6bf5E,20000000
0x7C45d1A1254863e02770470e2e2D86bDB6ad4313,20000000
0x5c4c3D200F46Fb32D524FDe8Edd4f0C36a664f3F,20000000
0x68831081FF92d5A8a7287a45f073cC7aD1027a50,20000000
0xF53666c48b1F0e623EE312592A287FA0e92c6F54,20000000
0xEF786Cf677e104e91e0b20354dEf89066472A883,20000000
0x0952E0EBC0fD9F909BB9C97950985B728Fea67e2,20000000
0xbEce129f4Ca9a55192Ed869EF4EB710A5D8200d0,20000000
0xa939cccD482aD7522De9516f4aa54312c1d113a3,20000000
0xFa783AA578A0f2d21756c5C6c5403494302A1Eb1,20000000
0xfc5708cB64604dcf6f62de5d63A051ed577E10C1,20000000
0x4a2460ceCC4383478FF1daf09cD350CC8b42DDeA,20000000
0xC1392D42eC20693785722639C719ddE07A86933a,20000000
0xBC6864477AC748596FFB3341A7E11fdd3B6C7460,20000000
0x8dA17791274645E5De082f0eeE298c47BB765B30,20000000
0x088DD766f53163bf687794463Ec4EB9a9F1C0690,20000000
0x4DC07B1c2167CC1aAAa75424b3229Bc55C6186f8,20000000
0xABFC3594b0947F7DDEe06b4e2d0967346BC928e6,20000000
0x6c65a8Eb60E5aF61CC5F723529B92960D0c7296b,20000000
0xec88e8cd800dCE15c69DC4Ec405c900e77876625,20000000
0x8b951adDd436411186B2c0A03D88B163ad00281D,20000000
0x7F950961C7e63687ebE7c531e18651090FC6f6c4,20000000
0xA3c4D607944d23cAce2d8dabA2f3c2C802653C3f,20000000
0xBC5eB49D245BC794a17bB920CBBbE0beE0026396,20000000
0x0edc87a2940b0cB4825778e7350133025ab2258a,20000000
0x0ECe823271D7Bed75b619EA3Bc3A0Bf78A0bf4c1,20000000
0x34e6974642308e90475cD2955C1a3B661d6bF067,20000000
0xd6e8b9d36C9f223c85968be67DdABB83D9fcf04A,20000000
0x81E05d6251EDcD51613E87C15D7cC331c4857515,20000000
0x60a6FeDB906d9F9774DC0ca79F34fE86033aDACF,20000000
0x2ddc2a7747570F38122CD74c3313b40d5Eb548e7,20000000
0x9330b0c85A1FcdEFBd7E4276f4F8Ea81620A4A80,20000000
0x9d49F13315a1655e94bCCF1BbFB79d7127E27840,20000000
0x95d6e5c4820089dbE8A5eB17411649B792Dd5628,20000000
0x0718eB9bA021B47AEFa4786Be6D1b780AecEcB04,20000000
0x7aCE0957636dd278e1A09d4d222d1F16B1799dD7,20000000
0x22fC75596A161ad3Ff5Fb0E4b2F0fC88c284c964,20000000
0xcF84Afb6F2AF708d8F24ac3a98623FAf23457D7a,20000000
0x2D9BA4a7fAd5b27130b5396848f432732a70c28d,20000000
0x8d1B46ef9a23506A4AaaeC5246bA05DD72968d67,20000000
0xdA2493507742482152556cdDE23f4d3b61be78f8,20000000
0x2fFCF1f3C37CCC0cC2D1acE69badbE612e64869F,20000000
0xBa2dfAa2A4bE54812B88E0F283aB399508BBCc78,20000000
0xb4283e589F01b773AEbF1ffdF462BE861a6B5bA9,20000000
0x084e3E705cC0d19E01B2192058E266172A470194,20000000
0x6c2D9ecA54Bbd766d1AbaeBE275Fb8f28201C5DB,20000000
0xb1A81e87fA43E573862f601290a10cABdA2c0BC2,20000000
0xf585378a805a59889067Fa37624af69AeF6c6cd1,20000000
0x8f7971130ABbaD9Dbe9Caf6886C31B64d4504737,20000000
0x68D5647a0C6D5D504E8f062b73E9F7D868e88B1e,20000000
0x81b8E0d1628e7eB20fE1bed5b254B83477917693,20000000
0x99d359e8A3031bE64c309f6b5499E7F5705f3830,20000000
0x475f492f0Ad9A72b5fFCDe44d1B8a20B89526328,20000000
0xe8a052e2f6B1B2A0D7cC22a221cF72eC767E8F54,20000000
0xf3C4ca6eDf6135C0B0B7bc11F73EEB7f03D97a1E,20000000
0xEC0B725A5087cf4E8701fE57db2Bc7d66D0ba476,20000000
0xC0830fDBe164Ba9ba1899A1A07e4CCF4C950d3aC,20000000
0xaAf12F196DEed7a787c58f12b66492C490760E66,20000000
0xd9b95927fB167Bb6f1334A89ddAcaA907C72772c,20000000
0x379D7603A5C6574F8a6b6Da63f2C3EE091120d22,20000000
0x3B19E779bdc5dFF84994b043673e94CB8735E45a,20000000
0x1298709DA107A0A8970C67aE5abE2913350FEcF2,20000000
0x43F46143B88c2d49b26Fa3293B884130e8280414,20000000
0x25C18620160ED99287A27E07C6dB0945112A9132,20000000
0x4926876a4BE099e9e57DAF6b313d8C49427551A7,20000000
0xE2456A590d8870646d51202AA1941DEcf1fc64ea,20000000
0x435D65989Dd5C7e3a022CFF199AC8e0C9324b0F7,20000000
0xd9BeA191c5ad884149Ef301d382ddfF79C190da5,20000000
0xC5b70D662D2e1b2C0A0b02ba1adEC0Fcf7030C0D,20000000
0x40027bb46B67ABCD85e606A91642A5A3dD5483D2,20000000
0xf84f44445F3c69235798aA1975e39313e99e4E0D,20000000
0xFFf85a84eF643d5459963Ac329D2ABb4A38a44B4,20000000
0x7fcd4eBfF350568c3F54042D1f81982f2A46CA58,20000000
0x866165778e2c1A23CD3c1C2Cdaa02Df865FCc526,20000000
0x23C287447aB3aDbe4E3198F13AD19af32CbCe045,20000000
0xfee818068e14B1C21C264d17d60bb7a7b9639420,20000000
0x3634C3e95cB59e49d98081837Bbd02FA8deD62c3,20000000
0xbF0896de8f644846dA841b31171b1103a030eA37,20000000
0xfB22100d6D5cb3a6279Db795f9c83c4129bA932d,20000000
0xF2FE9fa67fA7c524237246Ae944A99E01e47bdea,20000000
0xF863CF8Bb8d77C4982bCE04F1E19eB47f4bb14F8,20000000
0xe91a6607D69AD6B854E5784d52BD2bb38f64D017,20000000
0x811defbE8E10dbd572aBE2572d2c3335EC803B00,20000000
0x9CA4b504697c01f364Bc8cC735945B06d8C313c5,20000000
0x19Ce9BDE1e415E069AB208A1aF80d0D24A1fc309,20000000
0xa66df5BF1288f672E55e539985C0CBeF835b14fE,20000000
0x470BD2CB5317Cd5C63fAe4890faec95cAc5707fD,20000000
0x9316E8d6481764157476375995A133236A0180A4,20000000
0xC06C4Eb908456acE721fEBfFE75cdd80c63E9a30,20000000
0xc3e0407B336C018bb3B7F0Ef5d27A6E0c7164D24,20000000
0x45AE558d05F8EE3D54683b47C7B8B195f28d7087,20000000
0x92d9c9eA8162F03619E7d5388e539e4f6BE8717D,20000000
0xBE80A9153C7fF861fb29fFb4d276ab0A4F79B8ac,20000000
0xE01D81ea572a4825d51fDb6d6F2D885cccbF9bFc,20000000
0xacD5B86aa7Cd02dE64A8073E58C894FF5867E206,20000000
0xFA7ab48CE018f5fE4f912813C00d442EaE55D111,20000000
0xA0FB87BcaD3632eFEaaC8ac0e23a4755dfCebf19,20000000
0xbBB52D397EA76b9f73Acf73eA1343eF616c19101,20000000
0x589fF2c6DCe943b841541eD611006979C8Cc000B,20000000
0xE91d0CE485F30f70CbF85A8C0B8d7592C2ee4868,20000000
0xFa844Cd13Fc663B39a18B1106B99D05A82b1e616,20000000
0x3575152164aB2e14d71899eA0736Ec70B6A8cb9B,20000000
0x9CC32d0fcc1787C7c9ab569cFf38E0678629923f,20000000
0xda2127D4909459A34Ee33c4F4B72730a1dfE9289,20000000
0x660672fD0770F4714656794b60294aec8F69311A,20000000
0x5355A406ccF67bAFd84bA14e4078B73583A14E0a,20000000
0x9EA103c8726ba5C313910804F002283556A32D41,20000000
0x9707EeA448Dac6Fc87c0A043AB3C64cB695978c9,20000000
0x59f0704EaFE00c9362d705fF0B5B75cFF7dFb0f3,20000000
0x144076f25c93AC2FbEbF56c5eCecc949A3B08e0F,20000000
0x0E60eac58C5990A91c6d950Ec5A179D5a40631b3,20000000
0x55C3750D1325E842842b7844012abA4e9Fda709a,20000000
0x1F257D8409B8B1C432318aC8CC84c38901fDDd76,20000000
0xc0401272C353200Da1C6EEf2D100a108FDa06025,20000000
0x359e52D376312882ACabe759dc156D8AdC7d7cfc,20000000
0x9dAA14Dd7fc24bb81c6dd8DE9053bF01B1b49B5F,20000000
0xa8e4adC988708AD73e3F1bE0d230142A6D8f89b7,20000000
0xe4A8ED78B02b1021F15E9272fAD675df1aB92319,20000000
0xb96bcF38d8169afA4322c8A6073111fEc3bb7deD,20000000
0x331a1446BDb3402C6eE9600ae96fbdF1Cc89b5f1,20000000
0xA2bEA6e7E947aff380B26d0558d21F300D9f8561,20000000
0x4Af5F9746410d398C540b0a443ac77fDf37fb33F,20000000
0x1772E7CF285603275d46051c6a4EC5e8cebb92AA,20000000
0xd6D6c91DCd50382Ba0cCf5978b303DcC34b2D9C0,20000000
0x2A21106ABd2b903DCcA889c02Bf63A6B05679FD4,20000000
0xe0018e866638570cA48897657Db991771dAfE3cB,20000000
0x9062E3e8F3Dc95A14d65f14BC2b1d3012A789b0d,20000000
0x3b713900497F883b8ea4fD7e3ed633Bdb6FcB776,20000000
0x709A92fd0f270Ab2b8008E3177435e0F97486750,20000000
0x7C2CF782881933Ff8B2bF6Fe6f0389EaC4E81089,20000000
0xE195E2DB63A84eFe4B132bb41a1Caec33F9d63AD,20000000
0xA40C05E79eb3693856437f36F1aDb8951368ac0c,20000000
0xf2E67aE781457AF2B7f633a2453a23b2d71168af,20000000
0x7A1a8E9CC99733d1B504379AA65CB9899FdbC907,20000000
0x8A1740Ffd13C840a5e8B4cB1d15159e2BFf0958f,20000000
0xb9ad019cCFdA0B8b2d38781bA263aeCB1A2cC039,20000000
0x6C9aF9f271EAB5D4A302A87B2c53D6e97e7be07D,20000000
0x93AcA54af4b0D38E64733468C95A58c598283c1d,20000000
0xA8E69eBABB186c878b6Bc6AaA36747177D8B332a,20000000
0xecFB54e528B5e61058C328361950ff7C0DD5157d,20000000
0xf643Cd9E9854915488f1048e5B35642072cC5715,20000000
0xF79f0373a0e026CB8C60e0BCCC4e31001ac703Ed,20000000
0x67784EB9E9F0adA07E53B51B2D7Cd004bB96D7DD,20000000
0xfD685A8a7D07869FE8B192c83b279d9e878468Aa,20000000
0xeFFa7C972664d66C3B71A055AB22b0655E340BaD,20000000
0x89F3786c2f2e39BfA4A4617221D3deFf19c6DB92,20000000
0xCcb27dD8FEc375dc8ac5707411B1C07406265A17,20000000
0xeb8Acf13Bdef410D7F4e06A45868880B8D0E6297,20000000
0x73D1aA788C87CB2EF0843a8d638D7399b1608A65,20000000
0x0fcCe623d7dA1EC23701E6b5F9f58d613DBed476,20000000
0xAb0F58673B7F3811B80DC597d2049d70E8b07264,20000000
0x70bD1900D3750e60A8e71ed5388c048187d2d5B6,20000000
0xd5b6beCB1ef16f25BfBE183DDCfF5F8B60EbF3e1,20000000
0x6142569D2461462A42F97d6ec870A5A3196E7974,20000000